{"cameraMode":{"drawMode":0,"name":"Shaded","section":"Shading Mode"},"sceneLighting":true,"audioPlay":false,"sceneViewState":{"showFog":true,"showMaterialUpdate":false,"showSkybox":true,"showFlares":true,"showImageEffects":true,"showParticleSystems":true,"showVisualEffectGraphs":true,"m_FxEnabled":true},"in2DMode":false,"pivot":{"x":16.392637252807618,"y":-0.6508364677429199,"z":5.280072212219238},"rotation":{"x":-0.16855771839618684,"y":-0.13525773584842683,"z":0.023357601836323739,"w":-0.9760891199111939},"size":8.387773513793946,"orthographic":false}