{"cameraMode":{"drawMode":0,"name":"Shaded","section":"Shading Mode"},"sceneLighting":true,"audioPlay":false,"sceneViewState":{"showFog":true,"showMaterialUpdate":false,"showSkybox":true,"showFlares":true,"showImageEffects":true,"showParticleSystems":true,"showVisualEffectGraphs":true,"m_FxEnabled":true},"in2DMode":false,"pivot":{"x":33.5789680480957,"y":1.4281747341156006,"z":4.901231288909912},"rotation":{"x":0.0059779491275548939,"y":-0.08509085327386856,"z":-0.0005092012579552829,"w":-0.9963639974594116},"size":0.10710668563842774,"orthographic":false}