{"cameraMode":{"drawMode":0,"name":"Shaded","section":"Shading Mode"},"sceneLighting":true,"audioPlay":false,"sceneViewState":{"showFog":true,"showMaterialUpdate":false,"showSkybox":true,"showFlares":true,"showImageEffects":true,"showParticleSystems":true,"showVisualEffectGraphs":true,"m_FxEnabled":true},"in2DMode":false,"pivot":{"x":37.06203842163086,"y":1.7457789182662964,"z":6.769115447998047},"rotation":{"x":0.740217387676239,"y":-0.0020170926582068207,"z":0.0022206557914614679,"w":0.6723614931106567},"size":0.7928940653800964,"orthographic":false}