{"cameraMode":{"drawMode":0,"name":"Shaded","section":"Shading Mode"},"sceneLighting":true,"audioPlay":false,"sceneViewState":{"showFog":true,"showMaterialUpdate":false,"showSkybox":true,"showFlares":true,"showImageEffects":true,"showParticleSystems":true,"showVisualEffectGraphs":true,"m_FxEnabled":true},"in2DMode":false,"pivot":{"x":7.286285877227783,"y":-10.91326904296875,"z":57.72435760498047},"rotation":{"x":0.09431953728199005,"y":0.03224568068981171,"z":-0.0030567615758627655,"w":0.9950160980224609},"size":32.059783935546878,"orthographic":false}