{"cameraMode":{"drawMode":0,"name":"Shaded","section":"Shading Mode"},"sceneLighting":true,"audioPlay":false,"sceneViewState":{"showFog":true,"showMaterialUpdate":false,"showSkybox":true,"showFlares":true,"showImageEffects":true,"showParticleSystems":true,"showVisualEffectGraphs":true,"m_FxEnabled":true},"in2DMode":false,"pivot":{"x":23.916790008544923,"y":1.6346290111541749,"z":6.54341983795166},"rotation":{"x":0.017744459211826326,"y":0.16748526692390443,"z":0.0030151992104947569,"w":-0.9857136607170105},"size":0.7928938269615173,"orthographic":false}